[{"pk": 1, "model": "adhocmodels.branch", "fields": {"code": "000", "name": "PLACE HOLDER BRANCH"}}, {"pk": 2, "model": "adhocmodels.branch", "fields": {"code": "017", "name": "LEKKI"}}, {"pk": 3, "model": "adhocmodels.branch", "fields": {"code": "026", "name": "FOREIGN OPERATIONS"}}, {"pk": 4, "model": "adhocmodels.branch", "fields": {"code": "029", "name": "KAKAWA"}}, {"pk": 5, "model": "adhocmodels.branch", "fields": {"code": "044", "name": "IBADAN BANK ROAD"}}, {"pk": 6, "model": "adhocmodels.branch", "fields": {"code": "050", "name": "IKEJA"}}, {"pk": 7, "model": "adhocmodels.branch", "fields": {"code": "052", "name": "AGEGE"}}, {"pk": 8, "model": "adhocmodels.branch", "fields": {"code": "053", "name": "AWOLOWO ROAD VICTORIA ISAND LAGOS"}}, {"pk": 9, "model": "adhocmodels.branch", "fields": {"code": "072", "name": "ISOLO"}}, {"pk": 10, "model": "adhocmodels.branch", "fields": {"code": "080", "name": "ALAGBON"}}, {"pk": 11, "model": "adhocmodels.branch", "fields": {"code": "082", "name": "DOPEMU"}}, {"pk": 12, "model": "adhocmodels.branch", "fields": {"code": "087", "name": "PLAZA"}}, {"pk": 13, "model": "adhocmodels.branch", "fields": {"code": "089", "name": "ABEOKUTA"}}, {"pk": 14, "model": "adhocmodels.branch", "fields": {"code": "096", "name": "TRADE FAIR ASPAMDA"}}, {"pk": 15, "model": "adhocmodels.branch", "fields": {"code": "137", "name": "ALLEN AVENUE"}}, {"pk": 16, "model": "adhocmodels.branch", "fields": {"code": "204", "name": "ABA MARKET"}}, {"pk": 17, "model": "adhocmodels.branch", "fields": {"code": "416", "name": "AMUWO ODOFIN"}}, {"pk": 18, "model": "adhocmodels.branch", "fields": {"code": "423", "name": "OYIN JOLAYEMI"}}, {"pk": 19, "model": "adhocmodels.branch", "fields": {"code": "425", "name": "ALAUSA"}}, {"pk": 20, "model": "adhocmodels.branch", "fields": {"code": "426", "name": "ELEGANZA PLAZA APAPA"}}, {"pk": 21, "model": "adhocmodels.branch", "fields": {"code": "428", "name": "FORESHORE TOWERS"}}, {"pk": 22, "model": "adhocmodels.branch", "fields": {"code": "445", "name": "2ND FACTORY ROAD ABA"}}, {"pk": 23, "model": "adhocmodels.branch", "fields": {"code": "556", "name": "NNEWI"}}, {"pk": 24, "model": "adhocmodels.branch", "fields": {"code": "772", "name": "EGBE"}}, {"pk": 25, "model": "adhocmodels.branch", "fields": {"code": "047", "name": "ILUPEJU"}}, {"pk": 26, "model": "adhocmodels.branch", "fields": {"code": "035", "name": "WHARF ROAD"}}, {"pk": 27, "model": "adhocmodels.branch", "fields": {"code": "395", "name": "KANO BANK ROAD"}}, {"pk": 28, "model": "adhocmodels.branch", "fields": {"code": "069", "name": "IGANMU"}}, {"pk": 29, "model": "adhocmodels.branch", "fields": {"code": "032", "name": "131 BROAD STREET"}}, {"pk": 30, "model": "adhocmodels.branch", "fields": {"code": "196", "name": "EMENE"}}, {"pk": 1, "model": "adhocmodels.currency", "fields": {"code": "AUD", "name": "Australian Dollars"}}, {"pk": 2, "model": "adhocmodels.currency", "fields": {"code": "CAD", "name": "Canadian Dollars"}}, {"pk": 3, "model": "adhocmodels.currency", "fields": {"code": "CHF", "name": "Swiss Francs"}}, {"pk": 4, "model": "adhocmodels.currency", "fields": {"code": "CNY", "name": "Chinese Yuan"}}, {"pk": 5, "model": "adhocmodels.currency", "fields": {"code": "DEM", "name": "Deutschemarks"}}, {"pk": 6, "model": "adhocmodels.currency", "fields": {"code": "EUR", "name": "EMU currency unit - Euro"}}, {"pk": 7, "model": "adhocmodels.currency", "fields": {"code": "GBP", "name": "Pounds Sterling"}}, {"pk": 8, "model": "adhocmodels.currency", "fields": {"code": "JPY", "name": "Japanese Yen"}}, {"pk": 9, "model": "adhocmodels.currency", "fields": {"code": "NGN", "name": "Nigerian Naira"}}, {"pk": 10, "model": "adhocmodels.currency", "fields": {"code": "USD", "name": "US Dollars"}}, {"pk": 11, "model": "adhocmodels.currency", "fields": {"code": "ZAR", "name": "Rand"}}, {"pk": 1, "model": "adhocmodels.overseasbank", "fields": {"swift_bic": "BNPAFRPPMPE", "name": "BNP-PARIBAS SA"}}, {"pk": 2, "model": "adhocmodels.overseasbank", "fields": {"swift_bic": "CITIUS33", "name": "CITIBANK NEWYORK"}}, {"pk": 3, "model": "adhocmodels.overseasbank", "fields": {"swift_bic": "COBADEFF", "name": "COMMERZ BANK FRANKFURT HEAD OFFICE"}}, {"pk": 4, "model": "adhocmodels.overseasbank", "fields": {"swift_bic": "CRESCHZZ80A", "name": "CREDIT SUISSE SWIFTZERLAND"}}, {"pk": 5, "model": "adhocmodels.overseasbank", "fields": {"swift_bic": "DEUTDEFF", "name": "DEUTSHE BANK AG FRANKFURT DE"}}, {"pk": 6, "model": "adhocmodels.overseasbank", "fields": {"swift_bic": "DEUTGB2L", "name": "DEUTSHE BANK AG LONDON GB"}}, {"pk": 7, "model": "adhocmodels.overseasbank", "fields": {"swift_bic": "HSBCZAJJ", "name": "THE HONGKONG AND SHANGHAI BANKING CORPORATION LIMITED-JHB BRANCH"}}, {"pk": 8, "model": "adhocmodels.overseasbank", "fields": {"swift_bic": "SBZAZAJJ", "name": "STANDARD BANK OF SOUTH AFRICA LIMITED JOHANNESBURG"}}, {"pk": 9, "model": "adhocmodels.overseasbank", "fields": {"swift_bic": "SCBLGB2L", "name": "STANDARD CHARTERED BANK LONDON GB"}}, {"pk": 10, "model": "adhocmodels.overseasbank", "fields": {"swift_bic": "UBNIGB2L", "name": "UNION BANK UK PLC LONDON GB"}}, {"pk": 11, "model": "adhocmodels.overseasbank", "fields": {"swift_bic": "BRBAGB2L", "name": "BANK OF BEIRUT LONDON"}}, {"pk": 12, "model": "adhocmodels.overseasbank", "fields": {"swift_bic": "UNKNOWNBANK", "name": "UNKNOWN BANK"}}, {"pk": 1, "model": "adhocmodels.relationshipmanager", "fields": {"name": "ROSENJE MUDA", "rmcode": "2EDDM02", "branch": 1}}, {"pk": 2, "model": "adhocmodels.relationshipmanager", "fields": {"name": "NEBEOLISA", "rmcode": "6692UH", "branch": 1}}, {"pk": 3, "model": "adhocmodels.relationshipmanager", "fields": {"name": "NNEKA OKUGO", "rmcode": "303UM01", "branch": 1}}, {"pk": 4, "model": "adhocmodels.relationshipmanager", "fields": {"name": "ALAUSA BRANCH", "rmcode": "B425BDM", "branch": 19}}, {"pk": 5, "model": "adhocmodels.relationshipmanager", "fields": {"name": "UWA-ILEKHOJIE JUSTINA", "rmcode": "301UM02", "branch": 1}}, {"pk": 6, "model": "adhocmodels.relationshipmanager", "fields": {"name": "MUAZU TUKUR", "rmcode": "304UM11", "branch": 1}}, {"pk": 7, "model": "adhocmodels.relationshipmanager", "fields": {"name": "EMORDI LARRY", "rmcode": "304UM08", "branch": 1}}, {"pk": 8, "model": "adhocmodels.relationshipmanager", "fields": {"name": "ASUNI JOY", "rmcode": "67302UM01", "branch": 1}}, {"pk": 9, "model": "adhocmodels.relationshipmanager", "fields": {"name": "EBODA", "rmcode": "306UH", "branch": 1}}, {"pk": 10, "model": "adhocmodels.relationshipmanager", "fields": {"name": "ESOMONU BENNETTH", "rmcode": "305UM03", "branch": 1}}, {"pk": 11, "model": "adhocmodels.relationshipmanager", "fields": {"name": "2ND FACTORY ROAD ABA BRANCH", "rmcode": "B445BDM", "branch": 22}}, {"pk": 12, "model": "adhocmodels.relationshipmanager", "fields": {"name": "OYIN JOLAYEMI BRANCH", "rmcode": "B423BDM", "branch": 18}}, {"pk": 13, "model": "adhocmodels.relationshipmanager", "fields": {"name": "NNEWI BRANCH", "rmcode": "B556BDM", "branch": 23}}, {"pk": 14, "model": "adhocmodels.relationshipmanager", "fields": {"name": "VERA ONWUKA", "rmcode": "973UM01", "branch": 1}}, {"pk": 15, "model": "adhocmodels.relationshipmanager", "fields": {"name": "FOPS", "rmcode": "679DH", "branch": 3}}, {"pk": 16, "model": "adhocmodels.relationshipmanager", "fields": {"name": "FORESHORE TOWERS BRANCH", "rmcode": "B428BDM", "branch": 21}}, {"pk": 17, "model": "adhocmodels.relationshipmanager", "fields": {"name": "AGEGE BRANCH", "rmcode": "B052BDM", "branch": 7}}, {"pk": 18, "model": "adhocmodels.relationshipmanager", "fields": {"name": "AMUWO ODOFIN BRANCH", "rmcode": "B416BDM", "branch": 17}}, {"pk": 19, "model": "adhocmodels.relationshipmanager", "fields": {"name": "ISOLO BRANCH", "rmcode": "B72BDM", "branch": 9}}, {"pk": 20, "model": "adhocmodels.relationshipmanager", "fields": {"name": "IBADAN BANK ROAD", "rmcode": "B44BDM", "branch": 5}}, {"pk": 21, "model": "adhocmodels.relationshipmanager", "fields": {"name": "AMINU FESTUS OLUGBENGA", "rmcode": "B82CCP", "branch": 11}}, {"pk": 22, "model": "adhocmodels.relationshipmanager", "fields": {"name": "ALAGBON BRANCH", "rmcode": "B80DM", "branch": 10}}, {"pk": 23, "model": "adhocmodels.relationshipmanager", "fields": {"name": "EDOKWE EBELE C", "rmcode": "306UM01", "branch": 1}}, {"pk": 24, "model": "adhocmodels.relationshipmanager", "fields": {"name": "ILUPEJU BRANCH", "rmcode": "B47BDM", "branch": 25}}, {"pk": 25, "model": "adhocmodels.relationshipmanager", "fields": {"name": "IKEJA BRANCH", "rmcode": "B050BDM", "branch": 6}}, {"pk": 26, "model": "adhocmodels.relationshipmanager", "fields": {"name": "UGO CBG ENERGY", "rmcode": "9002UM01", "branch": 1}}, {"pk": 27, "model": "adhocmodels.relationshipmanager", "fields": {"name": "LEKKI BRANCH", "rmcode": "B17DM", "branch": 2}}, {"pk": 28, "model": "adhocmodels.relationshipmanager", "fields": {"name": "NKWOCHA FELIX", "rmcode": "302UM02", "branch": 1}}, {"pk": 29, "model": "adhocmodels.relationshipmanager", "fields": {"name": "MRS AYOOLA OLUFUNMILOLA", "rmcode": "6691UH", "branch": 1}}, {"pk": 30, "model": "adhocmodels.relationshipmanager", "fields": {"name": "WHARF ROAD BRANCH", "rmcode": "B35BDM", "branch": 26}}, {"pk": 31, "model": "adhocmodels.relationshipmanager", "fields": {"name": "KANO BANK ROAD BRANCH", "rmcode": "B395BDM", "branch": 27}}, {"pk": 32, "model": "adhocmodels.relationshipmanager", "fields": {"name": "AWOLOWO ROAD VICTORIA ISAND LAGOS BRANCH", "rmcode": "B53BDM", "branch": 8}}, {"pk": 33, "model": "adhocmodels.relationshipmanager", "fields": {"name": "ALLEN AVENUE BRANCH", "rmcode": "B137BDM", "branch": 15}}, {"pk": 34, "model": "adhocmodels.relationshipmanager", "fields": {"name": "PLAZA BRANCH", "rmcode": "B87BDM", "branch": 12}}, {"pk": 35, "model": "adhocmodels.relationshipmanager", "fields": {"name": "ABIGAIL DAVID JADON", "rmcode": "9001UM04", "branch": 1}}, {"pk": 1, "model": "adhocmodels.accountnumber", "fields": {"owner": 6, "acct_id": "3461977", "old_numb": "", "branch": 21, "nuban": "0022849178"}}, {"pk": 2, "model": "adhocmodels.accountnumber", "fields": {"owner": 1, "acct_id": "4683987", "old_numb": "", "branch": 12, "nuban": "0010039286"}}, {"pk": 3, "model": "adhocmodels.accountnumber", "fields": {"owner": 2, "acct_id": "179893", "old_numb": "0151060000490", "branch": 12, "nuban": "0000765702"}}, {"pk": 4, "model": "adhocmodels.accountnumber", "fields": {"owner": 5, "acct_id": "1310655", "old_numb": "0691060000101", "branch": 28, "nuban": "0008172270"}}, {"pk": 5, "model": "adhocmodels.accountnumber", "fields": {"owner": 7, "acct_id": "1473583", "old_numb": "0521060000010", "branch": 7, "nuban": "0006620564"}}, {"pk": 6, "model": "adhocmodels.accountnumber", "fields": {"owner": 8, "acct_id": "502177", "old_numb": "0961060000046", "branch": 14, "nuban": "0010626815"}}, {"pk": 8, "model": "adhocmodels.accountnumber", "fields": {"owner": 10, "acct_id": "4867908", "old_numb": "4231020020495", "branch": 18, "nuban": "0022681136"}}, {"pk": 9, "model": "adhocmodels.accountnumber", "fields": {"owner": 11, "acct_id": "208482", "old_numb": "0151060000891", "branch": 12, "nuban": "0000801815"}}, {"pk": 10, "model": "adhocmodels.accountnumber", "fields": {"owner": 12, "acct_id": "3483862", "old_numb": "4261020008470", "branch": 20, "nuban": "0022794096"}}, {"pk": 11, "model": "adhocmodels.accountnumber", "fields": {"owner": 16, "acct_id": "834592", "old_numb": "0721030004296", "branch": 9, "nuban": "0008546004"}}, {"pk": 12, "model": "adhocmodels.accountnumber", "fields": {"owner": 14, "acct_id": "3454093", "old_numb": "", "branch": 18, "nuban": "0022671971"}}, {"pk": 13, "model": "adhocmodels.accountnumber", "fields": {"owner": 17, "acct_id": "431470", "old_numb": "0471020001903", "branch": 25, "nuban": "0005579249"}}, {"pk": 14, "model": "adhocmodels.accountnumber", "fields": {"owner": 18, "acct_id": "4841507", "old_numb": "", "branch": 26, "nuban": "0003507682"}}, {"pk": 15, "model": "adhocmodels.accountnumber", "fields": {"owner": 20, "acct_id": "5386160", "old_numb": "", "branch": 27, "nuban": "0038719513"}}, {"pk": 16, "model": "adhocmodels.accountnumber", "fields": {"owner": 21, "acct_id": "4922426", "old_numb": "", "branch": 22, "nuban": "0023396978"}}, {"pk": 17, "model": "adhocmodels.accountnumber", "fields": {"owner": 22, "acct_id": "181365", "old_numb": "5561060000123", "branch": 23, "nuban": "0026226180"}}, {"pk": 18, "model": "adhocmodels.accountnumber", "fields": {"owner": 23, "acct_id": "4428444", "old_numb": "0821020015333", "branch": 11, "nuban": "0009441216"}}, {"pk": 19, "model": "adhocmodels.accountnumber", "fields": {"owner": 24, "acct_id": "4976993", "old_numb": "", "branch": 8, "nuban": "0006730179"}}, {"pk": 20, "model": "adhocmodels.accountnumber", "fields": {"owner": 25, "acct_id": "544637", "old_numb": "", "branch": 5, "nuban": "0004906323"}}, {"pk": 21, "model": "adhocmodels.accountnumber", "fields": {"owner": 28, "acct_id": "3716236", "old_numb": "", "branch": 24, "nuban": "0033358225"}}, {"pk": 22, "model": "adhocmodels.accountnumber", "fields": {"owner": 29, "acct_id": "4765127", "old_numb": "", "branch": 11, "nuban": "0009361808"}}, {"pk": 23, "model": "adhocmodels.accountnumber", "fields": {"owner": 30, "acct_id": "1277850", "old_numb": "0801060000410", "branch": 10, "nuban": "0009065687"}}, {"pk": 24, "model": "adhocmodels.accountnumber", "fields": {"owner": 32, "acct_id": "4738485", "old_numb": "0871020013482", "branch": 12, "nuban": "0010046251"}}, {"pk": 25, "model": "adhocmodels.accountnumber", "fields": {"owner": 34, "acct_id": "1310215", "old_numb": "0691060000060", "branch": 28, "nuban": "0008161599"}}, {"pk": 26, "model": "adhocmodels.accountnumber", "fields": {"owner": 35, "acct_id": "5306246", "old_numb": "", "branch": 25, "nuban": "0038055567"}}, {"pk": 27, "model": "adhocmodels.accountnumber", "fields": {"owner": 36, "acct_id": "615336", "old_numb": "0291020001785", "branch": 4, "nuban": "0002567924"}}, {"pk": 28, "model": "adhocmodels.accountnumber", "fields": {"owner": 37, "acct_id": "4996243", "old_numb": "", "branch": 6, "nuban": "0038655297"}}, {"pk": 29, "model": "adhocmodels.accountnumber", "fields": {"owner": 38, "acct_id": "4467182", "old_numb": "4251020019582", "branch": 19, "nuban": "0022753541"}}, {"pk": 30, "model": "adhocmodels.accountnumber", "fields": {"owner": 40, "acct_id": "4136010", "old_numb": "", "branch": 29, "nuban": "0002983496"}}, {"pk": 31, "model": "adhocmodels.accountnumber", "fields": {"owner": 41, "acct_id": "5328464", "old_numb": "", "branch": 15, "nuban": "0038241386"}}, {"pk": 32, "model": "adhocmodels.accountnumber", "fields": {"owner": 42, "acct_id": "656488", "old_numb": "0151060002000", "branch": 12, "nuban": "0000774348"}}, {"pk": 33, "model": "adhocmodels.accountnumber", "fields": {"owner": 43, "acct_id": "5102925", "old_numb": "", "branch": 2, "nuban": "0036330563"}}, {"pk": 34, "model": "adhocmodels.accountnumber", "fields": {"owner": 44, "acct_id": "248306", "old_numb": "0801060000424", "branch": 10, "nuban": "0009064037"}}, {"pk": 35, "model": "adhocmodels.accountnumber", "fields": {"owner": 45, "acct_id": "1310717", "old_numb": "", "branch": 12, "nuban": "0008155514"}}, {"pk": 36, "model": "adhocmodels.accountnumber", "fields": {"owner": 50, "acct_id": "4328233", "old_numb": "", "branch": 12, "nuban": "0010046907"}}, {"pk": 37, "model": "adhocmodels.accountnumber", "fields": {"owner": 54, "acct_id": "4875001", "old_numb": "", "branch": 12, "nuban": "0010046172"}}, {"pk": 38, "model": "adhocmodels.accountnumber", "fields": {"owner": 31, "acct_id": "1921855", "old_numb": "", "branch": 30, "nuban": "0014709514"}}, {"pk": 1, "model": "adhocmodels.customer", "fields": {"branch_for_itf": 3, "parent": null, "name": "ZAKHEM CONSTRUCTION", "rel_manager": 14}}, {"pk": 2, "model": "adhocmodels.customer", "fields": {"branch_for_itf": 3, "parent": null, "name": "AGRO ALLIED DEVELOPMENT", "rel_manager": 5}}, {"pk": 3, "model": "adhocmodels.customer", "fields": {"branch_for_itf": 3, "parent": null, "name": "GTEE", "rel_manager": 15}}, {"pk": 4, "model": "adhocmodels.customer", "fields": {"branch_for_itf": 3, "parent": null, "name": "SIMBA INDUSTRIES LTD", "rel_manager": 3}}, {"pk": 5, "model": "adhocmodels.customer", "fields": {"branch_for_itf": 3, "parent": null, "name": "SPINTEX MILLS LTD", "rel_manager": 9}}, {"pk": 6, "model": "adhocmodels.customer", "fields": {"branch_for_itf": 21, "parent": null, "name": "STONEWALL CONTINENTAL LTD", "rel_manager": 16}}, {"pk": 7, "model": "adhocmodels.customer", "fields": {"branch_for_itf": 7, "parent": null, "name": "ANIMAL CARE KONSULT LTD", "rel_manager": 17}}, {"pk": 8, "model": "adhocmodels.customer", "fields": {"branch_for_itf": 3, "parent": null, "name": "MIDDLE POINT NIG LTD", "rel_manager": 3}}, {"pk": 9, "model": "adhocmodels.customer", "fields": {"branch_for_itf": null, "parent": 42, "name": "SUNGLASS LIMITED", "rel_manager": null}}, {"pk": 10, "model": "adhocmodels.customer", "fields": {"branch_for_itf": 18, "parent": null, "name": "TAURUS OIL AND GAS LTD", "rel_manager": 12}}, {"pk": 11, "model": "adhocmodels.customer", "fields": {"branch_for_itf": 3, "parent": null, "name": "JOF NIG LTD", "rel_manager": 1}}, {"pk": 12, "model": "adhocmodels.customer", "fields": {"branch_for_itf": 29, "parent": null, "name": "BHARAT LTD", "rel_manager": null}}, {"pk": 13, "model": "adhocmodels.customer", "fields": {"branch_for_itf": 17, "parent": null, "name": "TECHNO OIL", "rel_manager": 18}}, {"pk": 14, "model": "adhocmodels.customer", "fields": {"branch_for_itf": 3, "parent": null, "name": "WANDEL INTERNATIONAL NIGERIA LTD", "rel_manager": 3}}, {"pk": 15, "model": "adhocmodels.customer", "fields": {"branch_for_itf": 3, "parent": null, "name": "MIDLAND GALVANIZING LTD", "rel_manager": 6}}, {"pk": 16, "model": "adhocmodels.customer", "fields": {"branch_for_itf": null, "parent": null, "name": "GUARDIAN PRESS LTD", "rel_manager": 19}}, {"pk": 17, "model": "adhocmodels.customer", "fields": {"branch_for_itf": null, "parent": null, "name": "LITHOTEC LIMITED", "rel_manager": 24}}, {"pk": 18, "model": "adhocmodels.customer", "fields": {"branch_for_itf": null, "parent": null, "name": "MDL DISTRIBUTION LTD", "rel_manager": 30}}, {"pk": 19, "model": "adhocmodels.customer", "fields": {"branch_for_itf": 3, "parent": null, "name": "TOWER ALUMINIUM LTD", "rel_manager": 10}}, {"pk": 20, "model": "adhocmodels.customer", "fields": {"branch_for_itf": null, "parent": null, "name": "APPLE AND PEARS LIMITED", "rel_manager": 31}}, {"pk": 21, "model": "adhocmodels.customer", "fields": {"branch_for_itf": 22, "parent": null, "name": "CHEMLAP NIG LTD", "rel_manager": 11}}, {"pk": 22, "model": "adhocmodels.customer", "fields": {"branch_for_itf": null, "parent": null, "name": "CUTIX PLC", "rel_manager": 13}}, {"pk": 23, "model": "adhocmodels.customer", "fields": {"branch_for_itf": 3, "parent": null, "name": "DEZERN NIG LTD", "rel_manager": 7}}, {"pk": 24, "model": "adhocmodels.customer", "fields": {"branch_for_itf": 8, "parent": null, "name": "MAYFAIR PLASTIC LTD", "rel_manager": 32}}, {"pk": 25, "model": "adhocmodels.customer", "fields": {"branch_for_itf": null, "parent": null, "name": "INTERPAK LTD", "rel_manager": 20}}, {"pk": 26, "model": "adhocmodels.customer", "fields": {"branch_for_itf": 3, "parent": null, "name": "INLAND TRANSACTIONS LTD", "rel_manager": 3}}, {"pk": 27, "model": "adhocmodels.customer", "fields": {"branch_for_itf": 3, "parent": null, "name": "J UDEAGBALA AND SONS LTD", "rel_manager": 7}}, {"pk": 28, "model": "adhocmodels.customer", "fields": {"branch_for_itf": 3, "parent": null, "name": "AMCO PRINTS LTD", "rel_manager": 15}}, {"pk": 29, "model": "adhocmodels.customer", "fields": {"branch_for_itf": 11, "parent": null, "name": "QUALITEC INDUSTRIES LTD", "rel_manager": 21}}, {"pk": 30, "model": "adhocmodels.customer", "fields": {"branch_for_itf": null, "parent": null, "name": "HAFFAR INDUSTRIES LTD", "rel_manager": 22}}, {"pk": 31, "model": "adhocmodels.customer", "fields": {"branch_for_itf": 3, "parent": null, "name": "JUHEL LTD", "rel_manager": 7}}, {"pk": 32, "model": "adhocmodels.customer", "fields": {"branch_for_itf": 3, "parent": null, "name": "ORIGIN OIL AND GAS LTD", "rel_manager": 8}}, {"pk": 33, "model": "adhocmodels.customer", "fields": {"branch_for_itf": null, "parent": null, "name": "TAK CONTINENTAL LTD", "rel_manager": 15}}, {"pk": 34, "model": "adhocmodels.customer", "fields": {"branch_for_itf": 3, "parent": null, "name": "SUNFLAG STEEL LTD", "rel_manager": 23}}, {"pk": 35, "model": "adhocmodels.customer", "fields": {"branch_for_itf": null, "parent": null, "name": "SCOA NIGERIA PLC", "rel_manager": 24}}, {"pk": 36, "model": "adhocmodels.customer", "fields": {"branch_for_itf": 3, "parent": null, "name": "UNITED NIGERIAN TEXTILE", "rel_manager": 9}}, {"pk": 37, "model": "adhocmodels.customer", "fields": {"branch_for_itf": null, "parent": null, "name": "VESA FISHERIES LTD", "rel_manager": 25}}, {"pk": 38, "model": "adhocmodels.customer", "fields": {"branch_for_itf": null, "parent": null, "name": "FORWARD VENTURES LTD", "rel_manager": 4}}, {"pk": 39, "model": "adhocmodels.customer", "fields": {"branch_for_itf": 3, "parent": 8, "name": "CAPITAL GOLD LTD", "rel_manager": 3}}, {"pk": 40, "model": "adhocmodels.customer", "fields": {"branch_for_itf": 3, "parent": null, "name": "DEEJONES PETROLEUM AND GAS LTD", "rel_manager": 26}}, {"pk": 41, "model": "adhocmodels.customer", "fields": {"branch_for_itf": null, "parent": null, "name": "QSTC SERVICES", "rel_manager": 33}}, {"pk": 42, "model": "adhocmodels.customer", "fields": {"branch_for_itf": null, "parent": null, "name": "SEVEN UP BOTTLING COMPANY", "rel_manager": 34}}, {"pk": 43, "model": "adhocmodels.customer", "fields": {"branch_for_itf": null, "parent": null, "name": "TOYOTA NIG LTD", "rel_manager": 27}}, {"pk": 44, "model": "adhocmodels.customer", "fields": {"branch_for_itf": 3, "parent": null, "name": "UNIQUE PHARMACEUTICAL LTD", "rel_manager": 28}}, {"pk": 45, "model": "adhocmodels.customer", "fields": {"branch_for_itf": 3, "parent": null, "name": "NIGERIAN BAG MANUFACTURING LTD", "rel_manager": 29}}, {"pk": 46, "model": "adhocmodels.customer", "fields": {"branch_for_itf": 3, "parent": null, "name": "UNKNOWN CUSTOMER", "rel_manager": 15}}, {"pk": 47, "model": "adhocmodels.customer", "fields": {"branch_for_itf": 3, "parent": null, "name": "OLAM NIGERIA LTD", "rel_manager": 15}}, {"pk": 48, "model": "adhocmodels.customer", "fields": {"branch_for_itf": null, "parent": null, "name": "SUNLIGHT RESOURCES LIMITED", "rel_manager": 15}}, {"pk": 49, "model": "adhocmodels.customer", "fields": {"branch_for_itf": null, "parent": null, "name": "FAHID DAYEKH", "rel_manager": 15}}, {"pk": 50, "model": "adhocmodels.customer", "fields": {"branch_for_itf": 3, "parent": null, "name": "A-Z PETROLEUM PRODUCTS LTD", "rel_manager": 35}}, {"pk": 51, "model": "adhocmodels.customer", "fields": {"branch_for_itf": 3, "parent": null, "name": "DANSA FOODS LIMITED", "rel_manager": 1}}, {"pk": 53, "model": "adhocmodels.customer", "fields": {"branch_for_itf": null, "parent": 8, "name": "INLAND TRANSACTIONS LTD", "rel_manager": null}}, {"pk": 54, "model": "adhocmodels.customer", "fields": {"branch_for_itf": 3, "parent": null, "name": "SAHARA ENERGY RESOURCE NIGERIA LTD", "rel_manager": 35}}, {"pk": 1, "model": "adhocmodels.nostroaccount", "fields": {"ccy": 10, "number": "100 9555889 0405", "bank": 5}}, {"pk": 2, "model": "adhocmodels.nostroaccount", "fields": {"ccy": 10, "number": "100 9555889 0605", "bank": 5}}, {"pk": 3, "model": "adhocmodels.nostroaccount", "fields": {"ccy": 6, "number": "100 9555889 3200", "bank": 5}}, {"pk": 4, "model": "adhocmodels.nostroaccount", "fields": {"ccy": 6, "number": "400880111084 EUR", "bank": 3}}, {"pk": 5, "model": "adhocmodels.nostroaccount", "fields": {"ccy": 6, "number": "400880111088 EUR", "bank": 3}}, {"pk": 6, "model": "adhocmodels.nostroaccount", "fields": {"ccy": 10, "number": "44707590102", "bank": 9}}, {"pk": 7, "model": "adhocmodels.nostroaccount", "fields": {"ccy": 10, "number": "01250786250", "bank": 9}}, {"pk": 8, "model": "adhocmodels.nostroaccount", "fields": {"ccy": 10, "number": "01707590151", "bank": 9}}, {"pk": 9, "model": "adhocmodels.nostroaccount", "fields": {"ccy": 6, "number": "010904-EUR-CSPUBN-27", "bank": 10}}, {"pk": 10, "model": "adhocmodels.nostroaccount", "fields": {"ccy": 7, "number": "010904-GBP-CSPUBN-07", "bank": 10}}, {"pk": 11, "model": "adhocmodels.nostroaccount", "fields": {"ccy": 8, "number": "010904-JPY-CSPUBN-37", "bank": 10}}, {"pk": 12, "model": "adhocmodels.nostroaccount", "fields": {"ccy": 10, "number": "010904-USD-CSPUBN-17", "bank": 10}}, {"pk": 13, "model": "adhocmodels.nostroaccount", "fields": {"ccy": 10, "number": "36071652", "bank": 2}}, {"pk": 14, "model": "adhocmodels.nostroaccount", "fields": {"ccy": 10, "number": "400880111084 USD", "bank": 3}}, {"pk": 15, "model": "adhocmodels.nostroaccount", "fields": {"ccy": 10, "number": "FR9130004056580000042408X50USD", "bank": 1}}, {"pk": 16, "model": "adhocmodels.nostroaccount", "fields": {"ccy": 6, "number": "FR9130004056580000042408X50EUR", "bank": 1}}, {"pk": 17, "model": "adhocmodels.nostroaccount", "fields": {"ccy": 6, "number": "121-00558-151", "bank": 7}}, {"pk": 18, "model": "adhocmodels.nostroaccount", "fields": {"ccy": 10, "number": "121-000558-154", "bank": 7}}, {"pk": 19, "model": "adhocmodels.nostroaccount", "fields": {"ccy": 10, "number": "121-000558-156", "bank": 7}}, {"pk": 20, "model": "adhocmodels.nostroaccount", "fields": {"ccy": 6, "number": "090379810", "bank": 8}}, {"pk": 21, "model": "adhocmodels.nostroaccount", "fields": {"ccy": 10, "number": "090379802", "bank": 8}}, {"pk": 22, "model": "adhocmodels.nostroaccount", "fields": {"ccy": 6, "number": "090460464EUR", "bank": 8}}, {"pk": 23, "model": "adhocmodels.nostroaccount", "fields": {"ccy": 6, "number": "4016493240100", "bank": 11}}, {"pk": 24, "model": "adhocmodels.nostroaccount", "fields": {"ccy": 10, "number": "010902-USD-UBNNET-10", "bank": 10}}, {"pk": 25, "model": "adhocmodels.nostroaccount", "fields": {"ccy": 6, "number": "010902-EUR-UBNNET-20", "bank": 10}}, {"pk": 26, "model": "adhocmodels.nostroaccount", "fields": {"ccy": 7, "number": "010902-GBP-UBNNET-00", "bank": 10}}, {"pk": 27, "model": "adhocmodels.nostroaccount", "fields": {"ccy": 3, "number": "010902-CHF-UBNNET-40", "bank": 10}}, {"pk": 28, "model": "adhocmodels.nostroaccount", "fields": {"ccy": 10, "number": "840035640200400", "bank": 6}}, {"pk": 29, "model": "adhocmodels.nostroaccount", "fields": {"ccy": 6, "number": "840035640200888", "bank": 6}}, {"pk": 30, "model": "adhocmodels.nostroaccount", "fields": {"ccy": 10, "number": "UNKNOWN-NOSTRO-ACCT-USD", "bank": 12}}, {"pk": 31, "model": "adhocmodels.nostroaccount", "fields": {"ccy": 6, "number": "UNKNOWN-NOSTRO-ACCT-EUR", "bank": 12}}, {"pk": 32, "model": "adhocmodels.nostroaccount", "fields": {"ccy": 7, "number": "UNKNOWN-NOSTRO-ACCT-GBP", "bank": 12}}, {"pk": 33, "model": "adhocmodels.nostroaccount", "fields": {"ccy": 10, "number": "100 9557117 0005", "bank": 5}}, {"pk": 34, "model": "adhocmodels.nostroaccount", "fields": {"ccy": 6, "number": "400880111000 EUR", "bank": 3}}, {"pk": 35, "model": "adhocmodels.nostroaccount", "fields": {"ccy": 10, "number": "1116493240100", "bank": 11}}, {"pk": 36, "model": "adhocmodels.nostroaccount", "fields": {"ccy": 10, "number": "100 9555889 0005", "bank": 5}}, {"pk": 37, "model": "adhocmodels.nostroaccount", "fields": {"ccy": 6, "number": "010903-EUR-UBNNET-20", "bank": 10}}, {"pk": 1, "model": "adhocmodels.ledgeraccounttype", "fields": {"code": "CASH", "description": "CASH SECURITY"}}, {"pk": 2, "model": "adhocmodels.ledgeraccounttype", "fields": {"code": "MCSH", "description": "MEMO CASH LETTER OF CREDIT"}}, {"pk": 3, "model": "adhocmodels.ledgeraccounttype", "fields": {"code": "INCO", "description": "INCOME GENERAL LEDGER"}}, {"pk": 4, "model": "adhocmodels.ledgeraccounttype", "fields": {"code": "LIAB", "description": "LIABILITY GENERAL LEDGER"}}, {"pk": 5, "model": "adhocmodels.ledgeraccounttype", "fields": {"code": "OTHN", "description": "NOSTRO OTHERS E.G INTEREST EARNED ACCOUNTS WITH OVERSEAS BANK"}}, {"pk": 6, "model": "adhocmodels.ledgeraccounttype", "fields": {"code": "CFCD", "description": "CFC DORM ACCOUNT WITH OVERSEAS BANK"}}, {"pk": 7, "model": "adhocmodels.ledgeraccounttype", "fields": {"code": "FMOT", "description": "UNCLAIMED"}}, {"pk": 1, "model": "adhocmodels.ledgeraccount", "fields": {"is_default_memo": false, "acct_type": 1, "external_number": "100 9555889 0405", "ccy": 10, "number": "026800006CASH-USD01"}}, {"pk": 2, "model": "adhocmodels.ledgeraccount", "fields": {"is_default_memo": false, "acct_type": 1, "external_number": "100 9555889 0605", "ccy": 10, "number": "026800006CASHUSDG2"}}, {"pk": 3, "model": "adhocmodels.ledgeraccount", "fields": {"is_default_memo": false, "acct_type": 1, "external_number": "100 9555889 3200", "ccy": 6, "number": "026800006CASH-EUR02"}}, {"pk": 4, "model": "adhocmodels.ledgeraccount", "fields": {"is_default_memo": false, "acct_type": 1, "external_number": "400880111084 EUR", "ccy": 6, "number": "026800190CASHEURBE"}}, {"pk": 5, "model": "adhocmodels.ledgeraccount", "fields": {"is_default_memo": false, "acct_type": 1, "external_number": "400880111088 EUR", "ccy": 6, "number": "026800190CASHEURAD"}}, {"pk": 6, "model": "adhocmodels.ledgeraccount", "fields": {"is_default_memo": false, "acct_type": 1, "external_number": "44707590102", "ccy": 10, "number": "026800005CASHUSDES"}}, {"pk": 7, "model": "adhocmodels.ledgeraccount", "fields": {"is_default_memo": false, "acct_type": 6, "external_number": "01250786250", "ccy": 10, "number": "026800005CFCD-USD02"}}, {"pk": 8, "model": "adhocmodels.ledgeraccount", "fields": {"is_default_memo": false, "acct_type": 1, "external_number": "01707590151", "ccy": 10, "number": "026800005CASHUSDAO"}}, {"pk": 9, "model": "adhocmodels.ledgeraccount", "fields": {"is_default_memo": false, "acct_type": 1, "external_number": "010904-EUR-CSPUBN-27", "ccy": 6, "number": "026800001CASH-EUR01"}}, {"pk": 10, "model": "adhocmodels.ledgeraccount", "fields": {"is_default_memo": false, "acct_type": 1, "external_number": "010904-GBP-CSPUBN-07", "ccy": 7, "number": "026800001CASH-GBP01"}}, {"pk": 11, "model": "adhocmodels.ledgeraccount", "fields": {"is_default_memo": false, "acct_type": 1, "external_number": "010904-JPY-CSPUBN-37", "ccy": 8, "number": "026800001CASH-JPY01"}}, {"pk": 12, "model": "adhocmodels.ledgeraccount", "fields": {"is_default_memo": false, "acct_type": 1, "external_number": "010904-USD-CSPUBN-17", "ccy": 10, "number": "026800001CASH-USD01"}}, {"pk": 13, "model": "adhocmodels.ledgeraccount", "fields": {"is_default_memo": false, "acct_type": 1, "external_number": "36071652", "ccy": 10, "number": "026800003CASH-USD01"}}, {"pk": 14, "model": "adhocmodels.ledgeraccount", "fields": {"is_default_memo": false, "acct_type": 1, "external_number": "400880111084 USD", "ccy": 10, "number": "026800190CASHUSDA6"}}, {"pk": 15, "model": "adhocmodels.ledgeraccount", "fields": {"is_default_memo": false, "acct_type": 1, "external_number": "FR9130004056580000042408X50USD", "ccy": 10, "number": "026800221CASH-USD01"}}, {"pk": 16, "model": "adhocmodels.ledgeraccount", "fields": {"is_default_memo": false, "acct_type": 1, "external_number": "FR9130004056580000042408X50EUR", "ccy": 6, "number": "026800221CASH-EUR01"}}, {"pk": 17, "model": "adhocmodels.ledgeraccount", "fields": {"is_default_memo": false, "acct_type": 1, "external_number": "121-00558-151", "ccy": 6, "number": "026800188CASH-EUR01"}}, {"pk": 18, "model": "adhocmodels.ledgeraccount", "fields": {"is_default_memo": false, "acct_type": 1, "external_number": "121-000558-154", "ccy": 10, "number": "026800188CASH-USD01"}}, {"pk": 19, "model": "adhocmodels.ledgeraccount", "fields": {"is_default_memo": false, "acct_type": 1, "external_number": "121-000558-156", "ccy": 10, "number": "026800188CASH-USD02"}}, {"pk": 20, "model": "adhocmodels.ledgeraccount", "fields": {"is_default_memo": false, "acct_type": 1, "external_number": "090379810", "ccy": 6, "number": "026800192CASH-EUR01"}}, {"pk": 21, "model": "adhocmodels.ledgeraccount", "fields": {"is_default_memo": false, "acct_type": 1, "external_number": "090379802", "ccy": 10, "number": "026800192CASH-USD01"}}, {"pk": 22, "model": "adhocmodels.ledgeraccount", "fields": {"is_default_memo": false, "acct_type": 1, "external_number": "090460464EUR", "ccy": 6, "number": "026800192CASHEURRB"}}, {"pk": 23, "model": "adhocmodels.ledgeraccount", "fields": {"is_default_memo": false, "acct_type": 1, "external_number": "4016493240100", "ccy": 6, "number": "026000019CASHEURRJ"}}, {"pk": 24, "model": "adhocmodels.ledgeraccount", "fields": {"is_default_memo": true, "acct_type": 2, "external_number": null, "ccy": 10, "number": "026006299MCSHUSDA4"}}, {"pk": 25, "model": "adhocmodels.ledgeraccount", "fields": {"is_default_memo": true, "acct_type": 2, "external_number": null, "ccy": 6, "number": "026006299MCSHEURST"}}, {"pk": 26, "model": "adhocmodels.ledgeraccount", "fields": {"is_default_memo": true, "acct_type": 2, "external_number": null, "ccy": 7, "number": "026006299MCSHGBPAW"}}, {"pk": 27, "model": "adhocmodels.ledgeraccount", "fields": {"is_default_memo": true, "acct_type": 2, "external_number": null, "ccy": 8, "number": "026354443MCSHJPYAV"}}, {"pk": 28, "model": "adhocmodels.ledgeraccount", "fields": {"is_default_memo": false, "acct_type": 5, "external_number": "010902-USD-UBNNET-10", "ccy": 10, "number": "026800001OTHN-USD11"}}, {"pk": 29, "model": "adhocmodels.ledgeraccount", "fields": {"is_default_memo": false, "acct_type": 5, "external_number": "010902-EUR-UBNNET-20", "ccy": 6, "number": "026800001OTHN-EUR06"}}, {"pk": 30, "model": "adhocmodels.ledgeraccount", "fields": {"is_default_memo": false, "acct_type": 5, "external_number": "010902-GBP-UBNNET-00", "ccy": 7, "number": "026800001OTHN-GBP05"}}, {"pk": 31, "model": "adhocmodels.ledgeraccount", "fields": {"is_default_memo": false, "acct_type": 5, "external_number": "010902-CHF-UBNNET-40", "ccy": 3, "number": "026800001OTHN-CHF05"}}, {"pk": 32, "model": "adhocmodels.ledgeraccount", "fields": {"is_default_memo": false, "acct_type": 3, "external_number": null, "ccy": 10, "number": "IN3101050 USD"}}, {"pk": 33, "model": "adhocmodels.ledgeraccount", "fields": {"is_default_memo": false, "acct_type": 3, "external_number": null, "ccy": 6, "number": "IN3101050 EUR"}}, {"pk": 34, "model": "adhocmodels.ledgeraccount", "fields": {"is_default_memo": false, "acct_type": 3, "external_number": null, "ccy": 7, "number": "IN3101050 GBP"}}, {"pk": 35, "model": "adhocmodels.ledgeraccount", "fields": {"is_default_memo": false, "acct_type": 3, "external_number": null, "ccy": 10, "number": "IN3201020 USD"}}, {"pk": 36, "model": "adhocmodels.ledgeraccount", "fields": {"is_default_memo": false, "acct_type": 3, "external_number": null, "ccy": 6, "number": "IN3201020 EUR"}}, {"pk": 37, "model": "adhocmodels.ledgeraccount", "fields": {"is_default_memo": false, "acct_type": 3, "external_number": null, "ccy": 7, "number": "IN3201020 GBP"}}, {"pk": 38, "model": "adhocmodels.ledgeraccount", "fields": {"is_default_memo": false, "acct_type": 1, "external_number": "1116493240100", "ccy": 10, "number": "026800224CASHUSDS1"}}, {"pk": 39, "model": "adhocmodels.ledgeraccount", "fields": {"is_default_memo": false, "acct_type": 7, "external_number": null, "ccy": 10, "number": "026888888FMOTUSDOM"}}, {"pk": 40, "model": "adhocmodels.ledgeraccount", "fields": {"is_default_memo": false, "acct_type": 3, "external_number": null, "ccy": 10, "number": "IN3101010 USD"}}, {"pk": 41, "model": "adhocmodels.ledgeraccount", "fields": {"is_default_memo": false, "acct_type": 3, "external_number": null, "ccy": 6, "number": "IN3101010 EUR"}}, {"pk": 42, "model": "adhocmodels.ledgeraccount", "fields": {"is_default_memo": false, "acct_type": 3, "external_number": null, "ccy": 7, "number": "IN3101010 GBP"}}, {"pk": 43, "model": "adhocmodels.ledgeraccount", "fields": {"is_default_memo": false, "acct_type": 3, "external_number": null, "ccy": 11, "number": "IN3101010 ZAR"}}, {"pk": 44, "model": "adhocmodels.ledgeraccount", "fields": {"is_default_memo": false, "acct_type": 4, "external_number": null, "ccy": 3, "number": "EX4481015 CHF"}}, {"pk": 45, "model": "adhocmodels.ledgeraccount", "fields": {"is_default_memo": false, "acct_type": 4, "external_number": null, "ccy": 10, "number": "EX4481015 USD"}}, {"pk": 1, "model": "adhocmodels.validtransactionref", "fields": {"valid_ref_start": "026L"}}, {"pk": 2, "model": "adhocmodels.validtransactionref", "fields": {"valid_ref_start": "ILCL"}}, {"pk": 3, "model": "adhocmodels.validtransactionref", "fields": {"valid_ref_start": "LCCA"}}, {"pk": 4, "model": "adhocmodels.validtransactionref", "fields": {"valid_ref_start": "UNC1"}}, {"pk": 5, "model": "adhocmodels.validtransactionref", "fields": {"valid_ref_start": "GTEE"}}, {"pk": 6, "model": "adhocmodels.validtransactionref", "fields": {"valid_ref_start": "UNC0"}}, {"pk": 7, "model": "adhocmodels.validtransactionref", "fields": {"valid_ref_start": "UNCO"}}, {"pk": 8, "model": "adhocmodels.validtransactionref", "fields": {"valid_ref_start": "LCDO"}}]